product_id,product_name,category,original_description,new_description
15,Home Glass Door,Decorative Glass Door,"With the help of our expert team members, we have been able to offer a wide range of Home Glass Door.","Home Glass Door offers a perfect blend of style and functionality for your home. Crafted by Vetrova Tech Services, this premium glass door enhances natural light flow while providing elegance to any space. Available in various designs and finishes, our Home Glass Door is built to last. Upgrade your interiors with quality glass doors from glassy.in."
18,Shower Glass Door,Decorative Glass Door,Our company holds immense experience in this domain and is involved in presenting an enormous quality range ofShower Glass Door.,"Shower Glass Door offers a perfect blend of style and functionality for your home. Crafted by Vetrova Tech Services, this premium glass door enhances natural light flow while providing elegance to any space. Available in various designs and finishes, our Shower Glass Door is built to last. Upgrade your interiors with quality glass doors from glassy.in."
16,Toughened Glass Door,Decorative Glass Door,Keeping track with the latest market development we are actively engaged in offering supreme quality ofGlassDoor.,"Toughened Glass Door offers a perfect blend of style and functionality for your home. Crafted by Vetrova Tech Services, this premium glass door enhances natural light flow while providing elegance to any space. Available in various designs and finishes, our Toughened Glass Door is built to last. Upgrade your interiors with quality glass doors from glassy.in."
13,10mm Frosted Glass,Etched Glass,We are engaged in offering a wide range of10mm Frosted Glassto our clients. Our range of all products is widely appreciated by our clients.,"Experience timeless elegance with our 10mm Frosted Glass. Vetrova Tech Services specializes in high-quality etched glass that combines aesthetics with privacy. Perfect for doors, windows, and decorative applications, this 10mm Frosted Glass adds a sophisticated touch to residential and commercial spaces. Browse our collection on glassy.in today."
12,Acid Etched Glass,Etched Glass,"We are foremost organization, actively occupied in providing a wide range ofAcid Etched Glass.","Discover premium Acid Etched Glass from Vetrova Tech Services. Our etched glass combines artistic beauty with functional privacy. Perfect for decorative features, partitions, and windows, this Acid Etched Glass enhances any architectural project. Experience superior craftsmanship and design flexibility. Shop our exquisite collection at glassy.in."
14,Designed Etched Glass,Etched Glass,"Etching Glass For Table TopEstablished in the year of2019, We""A K Glass Plywood & Co""areManufacturerofNeem Wood, Royal Gold, Landmaker,Frosted Glass, Decorative Glasses etc","Transform your space with our Designed Etched Glass by Vetrova Tech Services. Featuring custom artistic patterns and designs, this etched glass is perfect for table tops, decorative features, and architectural accents. Each piece combines elegance with durability. Explore our designer collection at glassy.in."
11,Sandblasted Etched Glass,Etched Glass,"Due to rich industry skill and experience, we have been accomplished to provide our valued customers the best quality range ofSandblasted Etched Glass.","Achieve perfect privacy without compromising aesthetics using our Sandblasted Etched Glass from Vetrova Tech Services. Expertly crafted with beautiful texture and finish, this glass suits residential and commercial applications. Available in various patterns and designs. Discover timeless elegance at glassy.in."
10,Clear Float Glass,Float Glass,To fulfill the assorted requirements of our clients in the best possible and trusted manner we are passionately engaged in offering a wide range ofClear Float Glass.,"Experience clarity and durability with our Clear Float Glass from Vetrova Tech Services. Ideal for windows, doors, and architectural applications, this high-quality float glass ensures maximum light transmission and structural integrity. Perfect for residential and commercial projects. Shop premium glass solutions at glassy.in."
42,8mm Black Fluted Glass,Fluted Glass,"Features:8mm black fluted glassTextured design for enhanced privacyDurable and impact-resistantStylish and modern aestheticIdeal for partitions, doors, and decorative panels","Transform your space with our stylish 8mm Black Fluted Glass by Vetrova Tech Services. The textured design provides enhanced privacy while maintaining aesthetic appeal. Ideal for partitions, doors, and decorative panels, this durable glass solution is perfect for both homes and offices. Shop premium fluted glass at glassy.in."
41,Fluted Glass,Fluted Glass,"Price depends on the shape , size and design","Transform your space with our stylish Fluted Glass by Vetrova Tech Services. The textured design provides enhanced privacy while maintaining aesthetic appeal. Ideal for partitions, doors, and decorative panels, this durable glass solution is perfect for both homes and offices. Shop premium fluted glass at glassy.in."
51,ACP Glass Cladding Glazing Service,Glass Glazing Service,Our company is a master in providingACP Glass Cladding Glazing Service.,"Vetrova Tech Services provides professional ACP Glass Cladding Glazing Service for residential and commercial projects. Our expert team uses advanced techniques to ensure perfect installation and long-lasting durability. Whether you need structural glazing or decorative applications, we deliver excellence. Contact glassy.in for your glazing needs."
49,Building Stick Structural Glass Glazing Service,Glass Glazing Service,"Backed by our skilled professionals, we are involved in providingBuilding Stick Structural Glass Glazing Service.","Vetrova Tech Services provides professional Building Stick Structural Glass Glazing Service for residential and commercial projects. Our expert team uses advanced techniques to ensure perfect installation and long-lasting durability. Whether you need structural glazing or decorative applications, we deliver excellence. Contact glassy.in for your glazing needs."
52,Commercial Curtain Wall Glazing Service,Glass Glazing Service,Commercial Curtain Wall Glazing Serviceis provided by us and executed by our hard working professionals.,"Vetrova Tech Services provides professional Commercial Curtain Wall Glazing Service for residential and commercial projects. Our expert team uses advanced techniques to ensure perfect installation and long-lasting durability. Whether you need structural glazing or decorative applications, we deliver excellence. Contact glassy.in for your glazing needs."
48,Glass Spider Glazing Service,Glass Glazing Service,"Being an eminent company, we are involved in renderingGlass Spider Glazing Service.","Vetrova Tech Services provides professional Glass Spider Glazing Service for residential and commercial projects. Our expert team uses advanced techniques to ensure perfect installation and long-lasting durability. Whether you need structural glazing or decorative applications, we deliver excellence. Contact glassy.in for your glazing needs."
50,Toughened Glass Glazing Service,Glass Glazing Service,Our company has earned accolades in providingToughened Glass Glazing Service.,"Vetrova Tech Services provides professional Toughened Glass Glazing Service for residential and commercial projects. Our expert team uses advanced techniques to ensure perfect installation and long-lasting durability. Whether you need structural glazing or decorative applications, we deliver excellence. Contact glassy.in for your glazing needs."
60,12 mm Toughened Glass Partitions,Glass Partition,Specification/Additional DetailsThickness12 mmMaterialGypsumUsage/ApplicationHomeGlass TypeYesColorRegular ISQTransparentPatternPlainVIEW MORE,"Create modern, elegant spaces with 12 mm Toughened Glass Partitions from Vetrova Tech Services. Our glass partitions are designed for offices, homes, and commercial spaces, offering excellent light transmission and sound insulation. Available in multiple styles including frameless and modular designs. Explore options at glassy.in."
56,Frameless Glass Partitions,Glass Partition,"Our organization is ranked amongst the reputed names in the market for providingFrameless Glass Partitions. Furthermore, we present this at nominal prices.","Create modern, elegant spaces with Frameless Glass Partitions from Vetrova Tech Services. Our glass partitions are designed for offices, homes, and commercial spaces, offering excellent light transmission and sound insulation. Available in multiple styles including frameless and modular designs. Explore options at glassy.in."
61,Modular Office Partition,Glass Partition,"Established in the year of2021, We “Ace Enterprises” areWholesale Trader and Service Provider ofGlass Door, Office Partition, Shower Enclosure, Toughened Glass etc.We direct all our activities to cater the expectations of customers by providing them excellent quality products as per their gratification. Moreover, we follow moral business policies and crystal pure transparency in all our transactions to keep healthy relations with the customers.","Create modern, elegant spaces with Modular Office Partition from Vetrova Tech Services. Our glass partitions are designed for offices, homes, and commercial spaces, offering excellent light transmission and sound insulation. Available in multiple styles including frameless and modular designs. Explore options at glassy.in."
62,Office Glass Partition,Glass Partition,We are engaged in Office Glass Partition to our clients. Our range of all products is widely appreciated by our clients.,"Create modern, elegant spaces with Office Glass Partition from Vetrova Tech Services. Our glass partitions are designed for offices, homes, and commercial spaces, offering excellent light transmission and sound insulation. Available in multiple styles including frameless and modular designs. Explore options at glassy.in."
57,Toughened Interior Glass Partition,Glass Partition,"Price depends on the shape , size and designCity Glass And Cois one of the leading manufacturer ofGlass Partition, Etched Glass, Sound Proof Glass, Shower Enclosures, Lacquered Glassand many more. We direct all our activities to cater the expectations of customers by providing them excellent quality products as per their gratifications. Moreover, we follow moral business policies and crystal pure transparency in all our transactions to keep healthy relations with the customers.","Create modern, elegant spaces with Toughened Interior Glass Partition from Vetrova Tech Services. Our glass partitions are designed for offices, homes, and commercial spaces, offering excellent light transmission and sound insulation. Available in multiple styles including frameless and modular designs. Explore options at glassy.in."
55,Toughened Office Glass Partition,Glass Partition,"With the proficiency of this field, we are capable to present an extensive range ofToughened Office Glass Partition.","Create modern, elegant spaces with Toughened Office Glass Partition from Vetrova Tech Services. Our glass partitions are designed for offices, homes, and commercial spaces, offering excellent light transmission and sound insulation. Available in multiple styles including frameless and modular designs. Explore options at glassy.in."
53,Wall Glass Partition,Glass Partition,We are renowned organizations of market for presenting the optimum quality range ofWall Glass Partition.,"Create modern, elegant spaces with Wall Glass Partition from Vetrova Tech Services. Our glass partitions are designed for offices, homes, and commercial spaces, offering excellent light transmission and sound insulation. Available in multiple styles including frameless and modular designs. Explore options at glassy.in."
74,Curved Glass Railing,Glass Railing,"We bring forth vast industrial experience and expertise in this business, involved in offering a high-quality range of Curved Glass Railing.","Enhance safety and style with our premium Curved Glass Railing by Vetrova Tech Services. Featuring tempered glass and quality hardware, our railings are perfect for balconies, staircases, and decks. Built to withstand harsh weather, these railings combine durability with modern aesthetics. Discover our collection on glassy.in."
71,Glass Grill Railing,Glass Railing,"We are specialized in offering a precision range ofGlass Grill Railing.City Glass And Cois one of the leading manufacturer ofGlass Partition, Etched Glass, Sound Proof Glass, Shower Enclosures, Lacquered Glassand many more. We direct all our activities to cater the expectations of customers by providing them excellent quality products as per their gratifications. Moreover, we follow moral business policies and crystal pure transparency in all our transactions to keep healthy relations with the c","Enhance safety and style with our premium Glass Grill Railing by Vetrova Tech Services. Featuring tempered glass and quality hardware, our railings are perfect for balconies, staircases, and decks. Built to withstand harsh weather, these railings combine durability with modern aesthetics. Discover our collection on glassy.in."
70,Glass Stairs Railing,Glass Railing,"To meet the precise demands of clients, we offer a wide range ofGlass Stairs Railing.City Glass And Cois one of the leading manufacturer ofGlass Partition, Etched Glass, Sound Proof Glass, Shower Enclosures, Lacquered Glassand many more. We direct all our activities to cater the expectations of customers by providing them excellent quality products as per their gratifications. Moreover, we follow moral business policies and crystal pure transparency in all our transactions to keep healthy relati","Enhance safety and style with our premium Glass Stairs Railing by Vetrova Tech Services. Featuring tempered glass and quality hardware, our railings are perfect for balconies, staircases, and decks. Built to withstand harsh weather, these railings combine durability with modern aesthetics. Discover our collection on glassy.in."
73,Residential Stainless Steel Glass Railing,Glass Railing,We are engaged in offering a wide range ofResidential Stainless Steel Glass Railingto our clients. Our range of all products is widely appreciated by our clients.,"Enhance safety and style with our premium Residential Stainless Steel Glass Railing by Vetrova Tech Services. Featuring tempered glass and quality hardware, our railings are perfect for balconies, staircases, and decks. Built to withstand harsh weather, these railings combine durability with modern aesthetics. Discover our collection on glassy.in."
72,Solid Glass Railing,Glass Railing,"Consistent innovation, coupled with an alert understanding of customer's needs & demands, makes us the most renowned supplier ofSolid Glass Railing.","Enhance safety and style with our premium Solid Glass Railing by Vetrova Tech Services. Featuring tempered glass and quality hardware, our railings are perfect for balconies, staircases, and decks. Built to withstand harsh weather, these railings combine durability with modern aesthetics. Discover our collection on glassy.in."
83,Glass Table Top,Glass Top,"We are instrumental in offering a wide range ofGlass Table Topto our clients.City Glass And Cois one of the leading manufacturer ofGlass Partition, Etched Glass, Sound Proof Glass, Shower Enclosures, Lacquered Glassand many more. We direct all our activities to cater the expectations of customers by providing them excellent quality products as per their gratifications. Moreover, we follow moral business policies and crystal pure transparency in all our transactions to keep healthy relations with","Add sophistication to your furniture with our Glass Table Top from Vetrova Tech Services. Perfect for tables, desks, and countertops, our glass tops are durable, stylish, and easy to maintain. Available in various sizes and finishes, they complement any interior design. Browse premium options at glassy.in."
44,Commercial Building Toughened Glass Work,Glass Work,"With the support of our talented team of professionals, we are engaged in providingCommercial Building Toughened Glass Work.","Vetrova Tech Services specializes in comprehensive Commercial Building Toughened Glass Work solutions for modern architecture. From skylights and atriums to roofing installations, our expert craftsmanship ensures precision and excellence. We deliver innovative glass solutions for both residential and commercial projects. Explore our services at glassy.in."
47,Glass Paragola Skylight,Glass Work,"Paragola Skylight Glass With InstallationEstablished in the year of2019, We""INDIA Glass Plywood & Co""areManufacturerofNeem Wood, Royal Gold, Landmaker,Frosted Glass, Decorative Glasses etc","Vetrova Tech Services specializes in comprehensive Glass Paragola Skylight solutions for modern architecture. From skylights and atriums to roofing installations, our expert craftsmanship ensures precision and excellence. We deliver innovative glass solutions for both residential and commercial projects. Explore our services at glassy.in."
43,Interior Glass Work,Glass Work,"Our organization is renderingInterior Glass Work. This service is completed at low prices. This service is handled by professionals who have affluent industry practice and skill. Additionally, this service is widely admired in the market for their timely completion.","Vetrova Tech Services specializes in comprehensive Interior Glass Work solutions for modern architecture. From skylights and atriums to roofing installations, our expert craftsmanship ensures precision and excellence. We deliver innovative glass solutions for both residential and commercial projects. Explore our services at glassy.in."
46,Toughened Glass Roofing,Glass Work,,"Vetrova Tech Services specializes in comprehensive Toughened Glass Roofing solutions for modern architecture. From skylights and atriums to roofing installations, our expert craftsmanship ensures precision and excellence. We deliver innovative glass solutions for both residential and commercial projects. Explore our services at glassy.in."
45,Toughened Glass Work,Glass Work,"By using advanced technology, we are involved in providingToughened Glass Work.","Vetrova Tech Services specializes in comprehensive Toughened Glass Work solutions for modern architecture. From skylights and atriums to roofing installations, our expert craftsmanship ensures precision and excellence. We deliver innovative glass solutions for both residential and commercial projects. Explore our services at glassy.in."
33,Double Glazing Glass,Insulated Glass Sound Proof Gla,Our rich industry experience in this domain helped us to offer a broad range ofDouble Glazing Glassfor our reputed clients.,"Experience superior acoustic and thermal comfort with our Double Glazing Glass from Vetrova Tech Services. Engineered to reduce noise and improve energy efficiency, our insulated glass solutions are ideal for homes, offices, and commercial buildings. Featuring advanced technology for maximum performance. Shop at glassy.in."
34,Insulated Glass,Insulated Glass Sound Proof Gla,"Insulated glass is prefabricated units made of two panes, which have been separated by an air gap which filled with Argon gas-to reduce noise, heat & UV rays and edge sealed together. This edge seal not only binds the individual sheets of glass together to maintain the mechanical strength of the joint but also protects the space between the glasses from outside influences. The air enclosed between the two glass panes is dried with a desiccant. Because of the low heat conductivity o","Experience superior acoustic and thermal comfort with our Insulated Glass from Vetrova Tech Services. Engineered to reduce noise and improve energy efficiency, our insulated glass solutions are ideal for homes, offices, and commercial buildings. Featuring advanced technology for maximum performance. Shop at glassy.in."
32,Sound Proof Glass,Insulated Glass Sound Proof Gla,"Keeping track of contemporary market development, we are devotedly occupied in providing an extensive range ofSound Proof Glass.","Experience superior acoustic and thermal comfort with our Sound Proof Glass from Vetrova Tech Services. Engineered to reduce noise and improve energy efficiency, our insulated glass solutions are ideal for homes, offices, and commercial buildings. Featuring advanced technology for maximum performance. Shop at glassy.in."
35,Sound Proof Window Glass,Insulated Glass Sound Proof Gla,"Raj Glass Industriesis a trusted name in the glass manufacturing and wholesale sector, based inBangalore, with over10 years of experiencein delivering high-quality glass solutions. We specialize in themanufacturing of toughened glassand the wholesale supply of a wide range of products includingplain glass, LED mirrors, normal mirrors, reflective glass, tinted glass, designer glass, laminated glass, and DGU (Double Glazed Unit) glass.With a strong focus onquality, innovation, and customer satisfa","Experience superior acoustic and thermal comfort with our Sound Proof Window Glass from Vetrova Tech Services. Engineered to reduce noise and improve energy efficiency, our insulated glass solutions are ideal for homes, offices, and commercial buildings. Featuring advanced technology for maximum performance. Shop at glassy.in."
36,Soundproof Toughened Glass,Insulated Glass Sound Proof Gla,"Raj Glass Industriesis a trusted name in the glass manufacturing and wholesale sector, based inBangalore, with over10 years of experiencein delivering high-quality glass solutions. We specialize in themanufacturing of toughened glassand the wholesale supply of a wide range of products includingplain glass, LED mirrors, normal mirrors, reflective glass, tinted glass, designer glass, laminated glass, and DGU (Double Glazed Unit) glass.With a strong focus onquality, innovation, and customer satisfa","Experience superior acoustic and thermal comfort with our Soundproof Toughened Glass from Vetrova Tech Services. Engineered to reduce noise and improve energy efficiency, our insulated glass solutions are ideal for homes, offices, and commercial buildings. Featuring advanced technology for maximum performance. Shop at glassy.in."
69,Designer Lacquered Glass,Lacquered Glass,A wide range ofLacquered Glassis offering by us according to the demand of the clients as well as their requirements to satisfy them completely.,"Bring vibrant colors and lasting beauty to your space with Designer Lacquered Glass by Vetrova Tech Services. Perfect for cabinets, walls, and decorative features, our lacquered glass combines contemporary design with durability. Available in multiple colors and finishes to match your style. Explore designs at glassy.in."
67,Lacquered Glass With Aluminium Shutter,Lacquered Glass,"Prices Depends on the product size and designCity Glass And Cois one of the leading manufacturer ofGlass Partition, Etched Glass, Sound Proof Glass, Shower Enclosures, Lacquered Glassand many more. We direct all our activities to cater the expectations of customers by providing them excellent quality products as per their gratifications. Moreover, we follow moral business policies and crystal pure transparency in all our transactions to keep healthy relations with the customers.","Bring vibrant colors and lasting beauty to your space with Lacquered Glass With Aluminium Shutter by Vetrova Tech Services. Perfect for cabinets, walls, and decorative features, our lacquered glass combines contemporary design with durability. Available in multiple colors and finishes to match your style. Explore designs at glassy.in."
68,Saint Gobain Lacquered Glass,Lacquered Glass,"Being a reputed company in the industry, this is our responsibility to offer standard quality ofSaint Gobain Lacquered Glass.","Bring vibrant colors and lasting beauty to your space with Saint Gobain Lacquered Glass by Vetrova Tech Services. Perfect for cabinets, walls, and decorative features, our lacquered glass combines contemporary design with durability. Available in multiple colors and finishes to match your style. Explore designs at glassy.in."
40,Fabric Laminated Glass,Laminated Glass,"Raj Glass Industriesis a trusted name in the glass manufacturing and wholesale sector, based inBangalore, with over10 years of experiencein delivering high-quality glass solutions. We specialize in themanufacturing of toughened glassand the wholesale supply of a wide range of products includingplain glass, LED mirrors, normal mirrors, reflective glass, tinted glass, designer glass, laminated glass, and DGU (Double Glazed Unit) glass.With a strong focus onquality, innovation, and customer satisfa","Safety meets style with our premium Fabric Laminated Glass from Vetrova Tech Services. Featuring laminated construction, this glass offers enhanced safety, UV protection, and noise reduction. Ideal for doors, windows, and architectural applications, it provides superior performance and peace of mind. Shop at glassy.in."
37,Laminated Glass,Laminated Glass,"Laminated glass is two or more panes of glass with one or more layers of poly vinyl butyral (PVB) sandwiched between them and treated. The glass panes can be basic float glass or tempered or heat strengthened panel. If the glass is broken, fragments tend to adhere to the PVB interlayer thereby reducing the risk of injury from falling and helping to resist further impact or weather damage. It is most suitable wherever safety, security, noise control or UV control is a requirement. The","Safety meets style with our premium Laminated Glass from Vetrova Tech Services. Featuring laminated construction, this glass offers enhanced safety, UV protection, and noise reduction. Ideal for doors, windows, and architectural applications, it provides superior performance and peace of mind. Shop at glassy.in."
39,Pvb Laminated Glass,Laminated Glass,"PVB Laminated Toughened Glass is a high-performance safety glass that combines the strength of toughened (tempered) glass with the protective qualities of PVB (Polyvinyl Butyral) lamination. It is created by bonding two or more sheets of toughened glass with a PVB interlayer under heat and pressure, forming a single durable unit that offers exceptional safety, strength, and design flexibility.Toughened glass is up to five times stronger than ordinary glass and, when broken, shatters into small b","Safety meets style with our premium Pvb Laminated Glass from Vetrova Tech Services. Featuring laminated construction, this glass offers enhanced safety, UV protection, and noise reduction. Ideal for doors, windows, and architectural applications, it provides superior performance and peace of mind. Shop at glassy.in."
38,Sandwich Glass,Laminated Glass,"Sandwich glass is a type of decorative glass made by layering two or more sheets of glass with a special material in between, known as an interlayer. Depending on where it's used, different interlayers are chosen. For indoor applications, materials like EVA (Ethylene Vinyl Acetate) or resin are commonly used because they help create beautiful, creative designs. For outdoor or structural applications, a tougher material called PVB (Polyvinyl Butyral) is preferred, as it provides better strength,","Safety meets style with our premium Sandwich Glass from Vetrova Tech Services. Featuring laminated construction, this glass offers enhanced safety, UV protection, and noise reduction. Ideal for doors, windows, and architectural applications, it provides superior performance and peace of mind. Shop at glassy.in."
63,6mm LED Mirror Glass,Mirror Glass,"Established as aPartnershipfirm in the year2018, we“R N Tuff Glassic”are a leadingWholesaleBusinessof a wide range ofGlass Skylight, Float Glass, Glass Railing, Glass Work, Glass Door, Mirror Glass, Glass Partition, Aluminium Partition, Toughened Glass, Glass Shower Cubicleetc.","Elevate your interior design with our stunning 6mm LED Mirror Glass by Vetrova Tech Services. Whether you need standard mirrors or innovative LED solutions, our mirror glass products combine quality craftsmanship with modern technology. Perfect for bathrooms, bedrooms, and commercial spaces. Discover options at glassy.in."
65,LED Touch Sensor Mirror,Mirror Glass,"Established in the2022in(Karnataka, India),We""Sri Gajalakshmi Glass Tec”are an affluent ,Manufacturer, Retailer, of All Glass Products and many more more.","Elevate your interior design with our stunning LED Touch Sensor Mirror by Vetrova Tech Services. Whether you need standard mirrors or innovative LED solutions, our mirror glass products combine quality craftsmanship with modern technology. Perfect for bathrooms, bedrooms, and commercial spaces. Discover options at glassy.in."
64,mm LED Decorative Wall Mirror Glass,Mirror Glass,"Established as aPartnershipfirm in the year2018, we“R N Tuff Glassic”are a leadingWholesaleBusinessof a wide range ofGlass Skylight, Float Glass, Glass Railing, Glass Work, Glass Door, Mirror Glass, Glass Partition, Aluminium Partition, Toughened Glass, Glass Shower Cubicleetc.","Elevate your interior design with our stunning mm LED Decorative Wall Mirror Glass by Vetrova Tech Services. Whether you need standard mirrors or innovative LED solutions, our mirror glass products combine quality craftsmanship with modern technology. Perfect for bathrooms, bedrooms, and commercial spaces. Discover options at glassy.in."
66,Printed Glass,Printed Glass,,"Custom printed glass solutions from Vetrova Tech Services add personality to any space. Our Printed Glass combines artistry with durability, perfect for signage, decorative features, and branding. High-resolution printing on premium glass ensures stunning visual impact. Explore possibilities at glassy.in."
7,12mm Glass Shower Partition,Shower Enclosures,We Deals in best quality of 12mm Glass Shower Partition on reasonable price. We believe in quality so our team completely focus on that,"Transform your bathroom with our elegant 12mm Glass Shower Partition from Vetrova Tech Services. Crafted from premium tempered glass, our shower enclosures offer safety, durability, and modern design. Available in various styles including frameless and sliding options. Create your perfect bathroom at glassy.in."
5,8mm Glass Shower Enclosure,Shower Enclosures,We Deals in best quality of 8mm Glass Shower Enclosure on reasonable price. We believe in quality so our team completely focus on that,"Transform your bathroom with our elegant 8mm Glass Shower Enclosure from Vetrova Tech Services. Crafted from premium tempered glass, our shower enclosures offer safety, durability, and modern design. Available in various styles including frameless and sliding options. Create your perfect bathroom at glassy.in."
3,Bathroom Shower Enclosure,Shower Enclosures,Our association is broadly known for maintaining the quality in offering ofBathroom Shower Enclosure.,"Transform your bathroom with our elegant Bathroom Shower Enclosure from Vetrova Tech Services. Crafted from premium tempered glass, our shower enclosures offer safety, durability, and modern design. Available in various styles including frameless and sliding options. Create your perfect bathroom at glassy.in."
6,Bi Fold Door Glass Shower Enclosure,Shower Enclosures,We Deals in best quality ofBi Fold Door Glass Shower Enclosure on reasonable price. We believe in quality so our team completely focus on that,"Transform your bathroom with our elegant Bi Fold Door Glass Shower Enclosure from Vetrova Tech Services. Crafted from premium tempered glass, our shower enclosures offer safety, durability, and modern design. Available in various styles including frameless and sliding options. Create your perfect bathroom at glassy.in."
2,Corner Glass Shower Enclosure,Shower Enclosures,"Enriched by our vast industrial experience in this business, we are involved in offering an enormous quality range ofCorner Glass Shower Enclosure.","Transform your bathroom with our elegant Corner Glass Shower Enclosure from Vetrova Tech Services. Crafted from premium tempered glass, our shower enclosures offer safety, durability, and modern design. Available in various styles including frameless and sliding options. Create your perfect bathroom at glassy.in."
9,Frameless Glass Shower Enclosure,Shower Enclosures,We Deals in best quality of Frameless Shower Enclosure on reasonable price. We believe in quality so our team completely focus on that.,"Transform your bathroom with our elegant Frameless Glass Shower Enclosure from Vetrova Tech Services. Crafted from premium tempered glass, our shower enclosures offer safety, durability, and modern design. Available in various styles including frameless and sliding options. Create your perfect bathroom at glassy.in."
1,Glass Shower Cubicles,Shower Enclosures,"Reckoned as one of the emergent companies of the industry, we are extremely immersed in providing ofGlass Shower Cubicles.","Transform your bathroom with our elegant Glass Shower Cubicles from Vetrova Tech Services. Crafted from premium tempered glass, our shower enclosures offer safety, durability, and modern design. Available in various styles including frameless and sliding options. Create your perfect bathroom at glassy.in."
8,Sliding Door Glass Shower Enclosure,Shower Enclosures,We Deals in best quality of Sliding Door Glass Shower Enclosure on reasonable price. We believe in quality so our team completely focus on that,"Transform your bathroom with our elegant Sliding Door Glass Shower Enclosure from Vetrova Tech Services. Crafted from premium tempered glass, our shower enclosures offer safety, durability, and modern design. Available in various styles including frameless and sliding options. Create your perfect bathroom at glassy.in."
4,Sliding Shower With Flutad Glass,Shower Enclosures,"Price depends on the shape , size and design","Transform your bathroom with our elegant Sliding Shower With Flutad Glass from Vetrova Tech Services. Crafted from premium tempered glass, our shower enclosures offer safety, durability, and modern design. Available in various styles including frameless and sliding options. Create your perfect bathroom at glassy.in."
79,Automatic Sensor Glass Door,Sliding Door,"AnAutomatic Sensor Glass Dooris a modern marvel that seamlessly blends convenience, safety, and elegance.How They Work:Automatic sensor glass doors use advanced technology to detect the presence of people or objects.When someone approaches the door, sensors (such as infrared or motion sensors) trigger the door to open automatically.As the person moves away, the door closes gently.","Optimize your space with Automatic Sensor Glass Door from Vetrova Tech Services. Our sliding doors combine smooth operation with elegant design, perfect for homes, offices, and commercial spaces. Available in automatic and manual options with various customization choices. Upgrade your entryways at glassy.in."
75,Automatic Sliding Door,Sliding Door,We are one of the reliable organizations in this domain and are into presenting an extensive quality range ofAutomatic Sliding Door.,"Optimize your space with Automatic Sliding Door from Vetrova Tech Services. Our sliding doors combine smooth operation with elegant design, perfect for homes, offices, and commercial spaces. Available in automatic and manual options with various customization choices. Upgrade your entryways at glassy.in."
82,Plain Glass Doors,Sliding Door,"Plain glass doorsoffer a clean and minimalist aesthetic, allowing natural light to flow through spaces. Here are some key points about plain glass doors:Transparency: Plain glass doors are fully transparent, making them ideal for areas where visibility and light are essential. They create an open and spacious feel.Versatility: These doors can be used in various settings, including homes, offices, and commercial spaces. They work well as interior doors, room dividers, and shower enclosures.","Optimize your space with Plain Glass Doors from Vetrova Tech Services. Our sliding doors combine smooth operation with elegant design, perfect for homes, offices, and commercial spaces. Available in automatic and manual options with various customization choices. Upgrade your entryways at glassy.in."
30,10mm Toughened Glass,Transparent Glass,We are engaged in offering a wide range of10mm Toughened Glassto our clients. Our range of all products is widely appreciated by our clients.,"Vetrova Tech Services offers premium 10mm Toughened Glass engineered for maximum clarity and strength. Available in multiple thicknesses, our transparent glass is ideal for windows, doors, partitions, and architectural applications. Built for durability and performance. Shop quality glass at glassy.in."
27,12mm Laminated Toughened Glass,Transparent Glass,We are engaged in offering a wide range of12mmLaminated Toughened Glassto our clients. Our range of all products is widely appreciated by our clients.Available ShapeRectangle,"Vetrova Tech Services offers premium 12mm Laminated Toughened Glass engineered for maximum clarity and strength. Available in multiple thicknesses, our transparent glass is ideal for windows, doors, partitions, and architectural applications. Built for durability and performance. Shop quality glass at glassy.in."
29,15mm Toughened Glass,Transparent Glass,We are engaged in offering a wide range of15mm Toughened Glassto our clients. Our range of all products is widely appreciated by our clients.,"Vetrova Tech Services offers premium 15mm Toughened Glass engineered for maximum clarity and strength. Available in multiple thicknesses, our transparent glass is ideal for windows, doors, partitions, and architectural applications. Built for durability and performance. Shop quality glass at glassy.in."
31,19 mm Toughened Glass,Transparent Glass,"19 mm Toughened Glass Description19 mm Toughened Glass is an ultra-strong, heavy-duty safety glass engineered for high-performance applications. It is manufactured through a controlled thermal tempering process that significantly enhances its strength—making it up to 5 times stronger than standard annealed glass of the same thickness.This thick, toughened glass is ideal for structural and load-bearing uses such as staircases, glass floors, facades, partitions, aquariums, and balustrades. It prov","Vetrova Tech Services offers premium 19 mm Toughened Glass engineered for maximum clarity and strength. Available in multiple thicknesses, our transparent glass is ideal for windows, doors, partitions, and architectural applications. Built for durability and performance. Shop quality glass at glassy.in."
26,Tempered Glass,Transparent Glass,"Tempered or toughened glass is an extremely strong glass which has been thermally heat treated to induce compressive stresses of 11000 to 20000 psi on the surface and edge compression of not less than 9700 psi.tempered glass cannot be cut or altered and all cutting, edge grinding and holes etc., are made before tempering. Toughglass has 4 glass tempering plants of various sizes, capabilities and features to be able to temper a large range of thicknesses and sizes suitable for vari","Vetrova Tech Services offers premium Tempered Glass engineered for maximum clarity and strength. Available in multiple thicknesses, our transparent glass is ideal for windows, doors, partitions, and architectural applications. Built for durability and performance. Shop quality glass at glassy.in."
28,Toughened Safety Glass,Transparent Glass,We are engaged in offering a wide range ofToughened Safety Glassto our clients. Our range of all products is widely appreciated by our clients.,"Vetrova Tech Services offers premium Toughened Safety Glass engineered for maximum clarity and strength. Available in multiple thicknesses, our transparent glass is ideal for windows, doors, partitions, and architectural applications. Built for durability and performance. Shop quality glass at glassy.in."
25,Transparent Toughened Glass,Transparent Glass,"Being a trustworthy name in the industry, we are able to offer a superior quality array ofTransparent Glassto our patrons.","Vetrova Tech Services offers premium Transparent Toughened Glass engineered for maximum clarity and strength. Available in multiple thicknesses, our transparent glass is ideal for windows, doors, partitions, and architectural applications. Built for durability and performance. Shop quality glass at glassy.in."
21,Modular UPVC Sliding Window,UPVC Doors And Windows,We are engaged in offering a wide range ofModular UPVC Sliding Windowto our clients. Our range of all products is widely appreciated by our clients.Available Glass TypeToughened Glass,"Experience comfort and energy efficiency with Modular UPVC Sliding Window by Vetrova Tech Services. Our UPVC solutions feature weather resistance, low maintenance, and excellent insulation. Perfect for homes and offices, these windows and doors combine functionality with aesthetic appeal. Explore options at glassy.in."
23,UPVC 3 Track Sliding Window,UPVC Doors And Windows,We are engaged in offering a wide range ofUPVC 3 Track Sliding Windowto our clients. Our range of all products is widely appreciated by our clients.,"Experience comfort and energy efficiency with UPVC 3 Track Sliding Window by Vetrova Tech Services. Our UPVC solutions feature weather resistance, low maintenance, and excellent insulation. Perfect for homes and offices, these windows and doors combine functionality with aesthetic appeal. Explore options at glassy.in."
20,UPVC Doors And Windows,UPVC Doors And Windows,"UPVC Toughglass started producing high quality uPVC Windows and Door frames in Kerala factories under the brand name GREENFENSTER. It is weather resistant, maintenance free, high security, water resistant, long life and customized designs GREENFENSTER uPVC Doors & Windows, is an alternate to wood which in turn controls deforestation and helps green environment. GREENFENSTER sources profiles from Europe to maintain high quality and strength. GREENFENSTER uses uPVC blend of the highest","Experience comfort and energy efficiency with UPVC Doors And Windows by Vetrova Tech Services. Our UPVC solutions feature weather resistance, low maintenance, and excellent insulation. Perfect for homes and offices, these windows and doors combine functionality with aesthetic appeal. Explore options at glassy.in."
22,UPVC Sliding Glass Window,UPVC Doors And Windows,We are engaged in offering a wide range ofUPVC Sliding Glass Windowto our clients. Our range of all products is widely appreciated by our clients.,"Experience comfort and energy efficiency with UPVC Sliding Glass Window by Vetrova Tech Services. Our UPVC solutions feature weather resistance, low maintenance, and excellent insulation. Perfect for homes and offices, these windows and doors combine functionality with aesthetic appeal. Explore options at glassy.in."
24,Upvc Window Glass,UPVC Doors And Windows,We are engaged in offering a wide range ofUPVC Glass Windowto our clients. Our range of all products is widely appreciated by our clients.,"Experience comfort and energy efficiency with Upvc Window Glass by Vetrova Tech Services. Our UPVC solutions feature weather resistance, low maintenance, and excellent insulation. Perfect for homes and offices, these windows and doors combine functionality with aesthetic appeal. Explore options at glassy.in."
19,Designer Window Glass,Window Glass,"Leveraging on our skilled and qualified professionals, we are actively involved in offering a trendy range ofWindow Glassto our valuable customers at pocket-friendly prices.","Brighten your space with our premium Designer Window Glass from Vetrova Tech Services. Designed for maximum light transmission and thermal efficiency, our window glass solutions enhance any architecture. Available in various styles and specifications to meet your needs. Discover quality at glassy.in."
